hyperparameters,languages,1_translated,1_untranslated,2_translated,2_untranslated,3_translated,3_untranslated
bert-base-multilingual-cased,en,,0.9150943160057068,,0.8962264060974121,,0.9433962106704712
24,lv,0.8867924809455872,0.9622641801834106,0.9528301954269409,0.9433962106704712,0.9528301954269409,0.7924528121948242
20,ru,0.8867924809455872,0.8962264060974121,0.9528301954269409,0.9339622855186462,0.9339622855186462,0.8773584961891174
0.001,et,0.9339622855186462,0.8773584961891174,0.9433962106704712,0.8396226167678833,0.9150943160057068,0.6698113083839417
200,lt,0.9245283007621765,0.9433962106704712,0.9056603908538818,0.9433962106704712,0.9150943160057068,0.8113207817077637
