hyperparameters,1_translated,1_untranslated,2_translated,2_untranslated,3_translated,3_untranslated
bert-base-multilingual-cased,,0.9433962106704712,,0.8679245114326477,,0.9622641801834106
24,0.9245283007621765,0.9245283007621765,0.9245283007621765,0.9433962106704712,0.9056603908538818,0.8679245114326477
20,0.9150943160057068,0.9056603908538818,0.9245283007621765,0.9056603908538818,0.9150943160057068,0.9056603908538818
0.001,0.9245283007621765,0.8679245114326477,0.9339622855186462,0.8867924809455872,0.8867924809455872,0.698113203048706
200,0.9150943160057068,0.9528301954269409,0.9622641801834106,0.9528301954269409,0.9056603908538818,0.7641509175300598
